url,focus_keyphrase,seo_title,meta_description
https://b4451i.myrdbx.io/en/,business aviation Germany,Business Aviation Germany | ACM AIR CHARTER,Business aviation Germany with ACM AIR CHARTER: private jet charter, aircraft management, maintenance and CAMO for premium travel and operations.
https://b4451i.myrdbx.io/en/aircraft-management/,aircraft management Germany,Aircraft Management Germany | ACM AIR CHARTER,Aircraft management Germany for business jets: ACM AIR CHARTER handles operations, crew, compliance, maintenance and asset value.
https://b4451i.myrdbx.io/en/charter/,private jet charter Germany,Private Jet Charter Germany | ACM AIR CHARTER,Private jet charter Germany with ACM AIR CHARTER for tailored itineraries, worldwide reach and discreet business aviation service.
https://b4451i.myrdbx.io/en/global-6000/,Bombardier Global 6000 charter,Bombardier Global 6000 Charter | ACM AIR CHARTER,Bombardier Global 6000 charter with ACM AIR CHARTER: intercontinental range, cabin comfort and proven long-haul capability.
https://b4451i.myrdbx.io/en/global-7500/,Bombardier Global 7500 charter,Bombardier Global 7500 Charter | ACM AIR CHARTER,Bombardier Global 7500 charter with ACM AIR CHARTER: ultra-long-range performance, four cabin zones and premium comfort.
https://b4451i.myrdbx.io/en/global-xrs/,Bombardier Global Express XRS charter,Bombardier Global Express XRS Charter | ACM AIR CHARTER,Bombardier Global Express XRS charter with ACM AIR CHARTER: long-range reliability, cabin comfort and flexible travel.
https://b4451i.myrdbx.io/en/karriere/,business aviation careers Germany,Business Aviation Careers | ACM AIR CHARTER,Business aviation careers Germany at ACM AIR CHARTER: explore roles in operations, maintenance, CAMO and administration.
https://b4451i.myrdbx.io/en/kontakt/,ACM AIR CHARTER contact,Contact ACM AIR CHARTER | Charter & Maintenance,ACM AIR CHARTER contact for charter, aircraft management, maintenance and CAMO inquiries in Germany.
https://b4451i.myrdbx.io/en/maintenance/,business jet maintenance Germany,Business Jet Maintenance & CAMO | ACM AIR CHARTER,Business jet maintenance Germany by ACM AIR CHARTER: Part-145 support, CAMO, inspections and reliable technical planning.
https://b4451i.myrdbx.io/en/news/,ACM AIR CHARTER news,ACM AIR CHARTER News | Fleet, Safety & Operations,ACM AIR CHARTER news on fleet growth, certifications, maintenance milestones and business aviation developments.
https://b4451i.myrdbx.io/en/thats-acm/,ACM AIR CHARTER,About ACM AIR CHARTER | Business Aviation Germany,ACM AIR CHARTER delivers integrated business aviation Germany services with charter, aircraft management, maintenance and CAMO.
https://b4451i.myrdbx.io/en/impressum/,ACM AIR CHARTER legal notice,Legal Notice | ACM AIR CHARTER,ACM AIR CHARTER legal notice with required company details, management information and contact data.
https://b4451i.myrdbx.io/en/datenschutz/,ACM AIR CHARTER privacy policy,Privacy Policy | ACM AIR CHARTER,ACM AIR CHARTER privacy policy with information about personal data processing, cookies and your rights.
https://b4451i.myrdbx.io/en/news/acm-air-charter-expands-fleet-with-two-boeing-bbj2/,Boeing BBJ2 fleet expansion,Two Boeing BBJ2s Join ACM Fleet | ACM AIR CHARTER,Boeing BBJ2 fleet expansion at ACM AIR CHARTER strengthens long-range capacity and VIP travel options.
https://b4451i.myrdbx.io/en/news/acm-air-charter-has-been-flying-with-the-is-bao-quality-seal-for-10-years/,IS-BAO quality seal 10 years,10 Years with the IS-BAO Seal | ACM AIR CHARTER,IS-BAO quality seal 10 years: ACM AIR CHARTER marks a decade of audited safety and operational standards.
https://b4451i.myrdbx.io/en/news/acm-air-charter-nimmt-dritte-bombardier-global-7500-in-ihre-weltweit-gemanagte-flotte-auf/,third Bombardier Global 7500 managed fleet,Third Global 7500 Added to Managed Fleet | ACM AIR CHARTER,Third Bombardier Global 7500 managed fleet expansion strengthens ACM AIR CHARTER's ultra-long-range management capability.
https://b4451i.myrdbx.io/en/news/acm-air-charter-operates-fourth-bombardier-global-express/,fourth Bombardier Global Express,Fourth Bombardier Global Express | ACM AIR CHARTER,Fourth Bombardier Global Express addition reinforces ACM AIR CHARTER's long-range fleet depth and charter flexibility.
https://b4451i.myrdbx.io/en/news/acm-air-charter-receives-extension-of-camo-approval/,CAMO approval extension,CAMO Approval Extended | ACM AIR CHARTER,CAMO approval extension expands ACM AIR CHARTER's continuing airworthiness support for business aircraft.
https://b4451i.myrdbx.io/en/news/acm-air-charter-receives-renewed-confirmation-of-is-bao-level-3/,IS-BAO Level 3 certification,IS-BAO Level 3 Confirmed Again | ACM AIR CHARTER,IS-BAO Level 3 certification confirms ACM AIR CHARTER has again met the highest benchmark for safety management.
https://b4451i.myrdbx.io/en/news/acm-air-charter-renews-highest-possible-is-bao-certification/,highest-level IS-BAO certification,Highest IS-BAO Certification Renewed | ACM AIR CHARTER,Highest-level IS-BAO certification renewal keeps ACM AIR CHARTER at the top tier of audited aviation safety standards.
https://b4451i.myrdbx.io/en/news/acm-air-charter-takes-over-additional-aircraft-under-the-new-part-ncc-regulation/,Part-NCC additional aircraft,Additional Aircraft Under Part-NCC | ACM AIR CHARTER,Part-NCC additional aircraft integration shows ACM AIR CHARTER expanding compliant fleet management capability.
https://b4451i.myrdbx.io/en/news/acm-technik-successfully-completes-first-120-month-inspection-of-a-bombardier-global-express-aircraft/,Bombardier Global Express 120-month inspection,120-Month Global Express Inspection | ACM AIR CHARTER,Bombardier Global Express 120-month inspection completed by ACM-Technik demonstrates deep maintenance expertise.
https://b4451i.myrdbx.io/en/news/falcon-2000lx-expands-the-charter-fleet/,Falcon 2000LX charter fleet,Falcon 2000LX Joins Charter Fleet | ACM AIR CHARTER,Falcon 2000LX charter fleet growth adds efficient range and premium cabin comfort to ACM AIR CHARTER.
https://b4451i.myrdbx.io/en/news/global-7500-expands-the-acm-air-charter-fleet/,Global 7500 fleet expansion,Global 7500 Expands ACM Fleet | ACM AIR CHARTER,Global 7500 fleet expansion boosts ACM AIR CHARTER's ultra-long-range charter capability and fleet appeal.
https://b4451i.myrdbx.io/en/news/is-bah-stage-2-certification-of-acm-business-aviation-handling-gmbh/,IS-BAH Stage 2 certification,IS-BAH Stage 2 Certification | ACM AIR CHARTER,IS-BAH Stage 2 certification highlights audited ground handling quality at ACM Business Aviation Handling GmbH.
https://b4451i.myrdbx.io/en/news/second-bombardier-global-7500-expands-the-acm-air-charter-fleet/,second Bombardier Global 7500,Second Global 7500 Expands Fleet | ACM AIR CHARTER,Second Bombardier Global 7500 addition strengthens ACM AIR CHARTER's long-range charter availability.
https://b4451i.myrdbx.io/en/news/ultra-long-range-flight-with-bbj-2/,ultra-long-range BBJ 2 flight,Ultra-Long-Range Flight with BBJ 2 | ACM AIR CHARTER,Ultra-long-range BBJ 2 flight demonstrates ACM AIR CHARTER's operational reach for exceptional journeys.
